Month,Year,Region,Dengue_Cases,Dengue_Deaths,Date,rfh,rfh_avg
January,2016,BARMM,126,2,2016-01-01,21.523342,40.213977666666665
February,2016,BARMM,92,2,2016-02-01,44.948402,38.87559433333333
March,2016,BARMM,107,3,2016-03-01,35.624078,51.84638366666667
April,2016,BARMM,109,4,2016-04-01,91.201476,53.762189
May,2016,BARMM,165,4,2016-05-01,241.466832,79.99503
June,2016,BARMM,263,7,2016-06-01,352.67321,97.97106333333333
July,2016,BARMM,491,2,2016-07-01,278.609335,93.46273466666666
August,2016,BARMM,327,2,2016-08-01,200.415236,81.633963
September,2016,BARMM,124,105,2016-09-01,298.95577000000003,87.52478666666666
October,2016,BARMM,82,109,2016-10-01,333.30958,88.58214500000001
November,2016,BARMM,143,1,2016-11-01,212.199018,71.10262
December,2016,BARMM,162,2,2016-12-01,172.415234,58.276165999999996
January,2017,BARMM,74,0,2017-01-01,206.518418,40.213977666666665
February,2017,BARMM,59,1,2017-02-01,125.361184,38.87559433333333
March,2017,BARMM,25,0,2017-03-01,235.15479,51.84638366666667
April,2017,BARMM,36,0,2017-04-01,173.346432,53.762189
May,2017,BARMM,22,0,2017-05-01,354.03685,79.99503
June,2017,BARMM,57,0,2017-06-01,295.832916,97.97106333333333
July,2017,BARMM,62,0,2017-07-01,284.552822,93.46273466666666
August,2017,BARMM,41,0,2017-08-01,241.601966,81.633963
September,2017,BARMM,33,1,2017-09-01,334.10074,87.52478666666666
October,2017,BARMM,38,0,2017-10-01,327.992636,88.58214500000001
November,2017,BARMM,17,0,2017-11-01,216.05897,71.10262
December,2017,BARMM,21,0,2017-12-01,285.93612,58.276165999999996
January,2018,BARMM,149,2,2018-01-01,139.33415300000001,40.213977666666665
February,2018,BARMM,129,1,2018-02-01,127.48156800000001,38.87559433333333
March,2018,BARMM,77,2,2018-03-01,90.341524,51.84638366666667
April,2018,BARMM,124,3,2018-04-01,301.22359,53.762189
May,2018,BARMM,164,1,2018-05-01,270.03194,79.99503
June,2018,BARMM,254,5,2018-06-01,206.44963800000002,97.97106333333333
July,2018,BARMM,412,3,2018-07-01,270.921375,93.46273466666666
August,2018,BARMM,253,2,2018-08-01,234.36608999999999,81.633963
September,2018,BARMM,261,0,2018-09-01,230.233421,87.52478666666666
October,2018,BARMM,246,8,2018-10-01,192.61915399999998,88.58214500000001
November,2018,BARMM,183,4,2018-11-01,144.17690399999998,71.10262
December,2018,BARMM,208,2,2018-12-01,113.746927,58.276165999999996
January,2019,BARMM,201,2,2019-01-01,74.100736,40.213977666666665
February,2019,BARMM,309,4,2019-02-01,30.82801,38.87559433333333
March,2019,BARMM,303,2,2019-03-01,88.55282199999999,51.84638366666667
April,2019,BARMM,221,2,2019-04-01,85.292382,53.762189
May,2019,BARMM,284,2,2019-05-01,152.33661,79.99503
June,2019,BARMM,554,4,2019-06-01,299.07125,97.97106333333333
July,2019,BARMM,772,2,2019-07-01,291.867315,93.46273466666666
August,2019,BARMM,811,6,2019-08-01,177.700248,81.633963
September,2019,BARMM,807,2,2019-09-01,123.211304,87.52478666666666
October,2019,BARMM,481,2,2019-10-01,258.442265,88.58214500000001
November,2019,BARMM,362,0,2019-11-01,120.61671,71.10262
December,2019,BARMM,288,3,2019-12-01,103.371007,58.276165999999996
January,2020,BARMM,212,1,2020-01-01,69.587223,40.213977666666665
February,2020,BARMM,233,2,2020-02-01,57.169533,38.87559433333333
March,2020,BARMM,207,2,2020-03-01,101.93366,51.84638366666667
April,2020,BARMM,23,0,2020-04-01,59.668305000000004,53.762189
May,2020,BARMM,27,0,2020-05-01,204.75921,79.99503
June,2020,BARMM,48,0,2020-06-01,383.95578,97.97106333333333
July,2020,BARMM,100,0,2020-07-01,296.27027499999997,93.46273466666666
August,2020,BARMM,91,0,2020-08-01,301.20884,81.633963
September,2020,BARMM,16,8,2020-09-01,252.597056,87.52478666666666
October,2020,BARMM,13,9,2020-10-01,402.76658499999996,88.58214500000001
November,2020,BARMM,15,1,2020-11-01,206.756758,71.10262
December,2020,BARMM,23,0,2020-12-01,238.255526,58.276165999999996
January,2016,CAR,579,4,2016-01-01,20.6726688,10.63066
February,2016,CAR,276,1,2016-02-01,23.707037,10.815766666666667
March,2016,CAR,191,0,2016-03-01,25.3469717,19.283378666666668
April,2016,CAR,226,1,2016-04-01,50.230769,31.565775666666667
May,2016,CAR,504,0,2016-05-01,258.229135,84.83660566666667
June,2016,CAR,1358,3,2016-06-01,176.890341,77.94195333333333
July,2016,CAR,2769,10,2016-07-01,225.756137,116.34204166666666
August,2016,CAR,2179,2,2016-08-01,469.12275,145.41809666666666
September,2016,CAR,538,548,2016-09-01,275.253682,118.76459333333332
October,2016,CAR,261,319,2016-10-01,397.764324,85.863502
November,2016,CAR,161,0,2016-11-01,294.54010999999997,75.65033666666666
December,2016,CAR,122,0,2016-12-01,131.523733,39.027224
January,2017,CAR,166,0,2017-01-01,49.581016,10.63066
February,2017,CAR,123,1,2017-02-01,33.5662843,10.815766666666667
March,2017,CAR,76,0,2017-03-01,35.5237315,19.283378666666668
April,2017,CAR,76,0,2017-04-01,90.783962,31.565775666666667
May,2017,CAR,57,0,2017-05-01,347.603936,84.83660566666667
June,2017,CAR,146,0,2017-06-01,142.333881,77.94195333333333
July,2017,CAR,532,1,2017-07-01,350.644844,116.34204166666666
August,2017,CAR,841,3,2017-08-01,351.01145699999995,145.41809666666666
September,2017,CAR,610,3,2017-09-01,208.43044400000002,118.76459333333332
October,2017,CAR,661,0,2017-10-01,267.03109,85.863502
November,2017,CAR,391,3,2017-11-01,297.111297,75.65033666666666
December,2017,CAR,366,1,2017-12-01,99.70049,39.027224
January,2018,CAR,320,0,2018-01-01,48.481179999999995,10.63066
February,2018,CAR,234,2,2018-02-01,21.1882159,10.815766666666667
March,2018,CAR,173,0,2018-03-01,27.6284783,19.283378666666668
April,2018,CAR,128,0,2018-04-01,123.466449,31.565775666666667
May,2018,CAR,188,0,2018-05-01,161.489364,84.83660566666667
June,2018,CAR,467,1,2018-06-01,327.99181999999996,77.94195333333333
July,2018,CAR,1330,1,2018-07-01,398.52373,116.34204166666666
August,2018,CAR,1265,2,2018-08-01,588.56957,145.41809666666666
September,2018,CAR,1221,2,2018-09-01,392.129288,118.76459333333332
October,2018,CAR,915,0,2018-10-01,155.36006600000002,85.863502
November,2018,CAR,649,0,2018-11-01,38.99509,75.65033666666666
December,2018,CAR,694,0,2018-12-01,129.996729,39.027224
January,2019,CAR,470,2,2019-01-01,28.4615383,10.63066
February,2019,CAR,694,2,2019-02-01,11.7103111,10.815766666666667
March,2019,CAR,398,0,2019-03-01,25.153845699999998,19.283378666666668
April,2019,CAR,163,0,2019-04-01,107.240589,31.565775666666667
May,2019,CAR,187,1,2019-05-01,401.12111600000003,84.83660566666667
June,2019,CAR,547,1,2019-06-01,237.283144,77.94195333333333
July,2019,CAR,1226,4,2019-07-01,303.761044,116.34204166666666
August,2019,CAR,1536,6,2019-08-01,543.40423,145.41809666666666
September,2019,CAR,1472,5,2019-09-01,416.36825,118.76459333333332
October,2019,CAR,992,1,2019-10-01,90.895252,85.863502
November,2019,CAR,756,4,2019-11-01,584.48444,75.65033666666666
December,2019,CAR,367,1,2019-12-01,177.612114,39.027224
January,2020,CAR,229,1,2020-01-01,41.374795,10.63066
February,2020,CAR,185,0,2020-02-01,18.0032737,10.815766666666667
March,2020,CAR,121,0,2020-03-01,26.779051,19.283378666666668
April,2020,CAR,19,1,2020-04-01,68.605563,31.565775666666667
May,2020,CAR,31,0,2020-05-01,213.718498,84.83660566666667
June,2020,CAR,62,0,2020-06-01,143.87397900000002,77.94195333333333
July,2020,CAR,67,0,2020-07-01,231.139114,116.34204166666666
August,2020,CAR,72,0,2020-08-01,293.99509,145.41809666666666
September,2020,CAR,39,26,2020-09-01,201.188217,118.76459333333332
October,2020,CAR,40,28,2020-10-01,374.87888999999996,85.863502
November,2020,CAR,38,15,2020-11-01,476.232395,75.65033666666666
December,2020,CAR,78,2,2020-12-01,253.800325,39.027224
January,2016,NCR,1261,4,2016-01-01,10.999999899999999,7.483659866666667
February,2016,NCR,999,7,2016-02-01,6.2941176,4.7261439
March,2016,NCR,730,3,2016-03-01,31.588236,7.301306966666666
April,2016,NCR,448,2,2016-04-01,12.117647,8.607189266666667
May,2016,NCR,414,0,2016-05-01,153.47058859999999,57.25359433333333
June,2016,NCR,406,0,2016-06-01,230.2353,93.65947666666666
July,2016,NCR,1436,5,2016-07-01,353.294125,152.26470666666665
August,2016,NCR,2291,6,2016-08-01,544.1176499999999,160.70719
September,2016,NCR,1291,1291,2016-09-01,338.0,141.99346666666668
October,2016,NCR,1033,1651,2016-10-01,254.647062,78.62222
November,2016,NCR,1472,8,2016-11-01,156.941175,54.76209233333333
December,2016,NCR,1221,10,2016-12-01,173.294124,41.83006566666666
January,2017,NCR,1676,7,2017-01-01,50.0588236,7.483659866666667
February,2017,NCR,1161,4,2017-02-01,19.2941181,4.7261439
March,2017,NCR,930,4,2017-03-01,13.1764708,7.301306966666666
April,2017,NCR,767,6,2017-04-01,53.4117658,8.607189266666667
May,2017,NCR,543,4,2017-05-01,183.88235000000003,57.25359433333333
June,2017,NCR,1027,9,2017-06-01,186.88234799999998,93.65947666666666
July,2017,NCR,3139,20,2017-07-01,429.70588,152.26470666666665
August,2017,NCR,4555,30,2017-08-01,490.70588,160.70719
September,2017,NCR,3783,32,2017-09-01,498.41176699999994,141.99346666666668
October,2017,NCR,3833,24,2017-10-01,259.882356,78.62222
November,2017,NCR,2588,13,2017-11-01,255.470588,54.76209233333333
December,2017,NCR,2101,15,2017-12-01,182.882353,41.83006566666666
January,2018,NCR,2043,12,2018-01-01,29.823528800000002,7.483659866666667
February,2018,NCR,1965,4,2018-02-01,6.8823531,4.7261439
March,2018,NCR,1160,5,2018-03-01,17.1176473,7.301306966666666
April,2018,NCR,897,6,2018-04-01,14.2352938,8.607189266666667
May,2018,NCR,603,2,2018-05-01,70.529411,57.25359433333333
June,2018,NCR,832,6,2018-06-01,582.58822,93.65947666666666
July,2018,NCR,2608,23,2018-07-01,420.588235,152.26470666666665
August,2018,NCR,3323,14,2018-08-01,485.17648,160.70719
September,2018,NCR,5131,44,2018-09-01,387.941184,141.99346666666668
October,2018,NCR,4472,32,2018-10-01,133.235293,78.62222
November,2018,NCR,3335,20,2018-11-01,41.8235295,54.76209233333333
December,2018,NCR,2831,12,2018-12-01,184.764704,41.83006566666666
January,2019,NCR,2082,9,2019-01-01,27.5882357,7.483659866666667
February,2019,NCR,2348,9,2019-02-01,4.8235294,4.7261439
March,2019,NCR,1377,4,2019-03-01,6.1764704,7.301306966666666
April,2019,NCR,532,4,2019-04-01,10.7058821,8.607189266666667
May,2019,NCR,442,3,2019-05-01,179.529412,57.25359433333333
June,2019,NCR,817,2,2019-06-01,191.117649,93.65947666666666
July,2019,NCR,1839,14,2019-07-01,341.76469499999996,152.26470666666665
August,2019,NCR,5481,36,2019-08-01,501.05882,160.70719
September,2019,NCR,11033,58,2019-09-01,335.88235099999997,141.99346666666668
October,2019,NCR,6776,25,2019-10-01,88.05882399999999,78.62222
November,2019,NCR,4494,11,2019-11-01,187.94117400000002,54.76209233333333
December,2019,NCR,3257,15,2019-12-01,153.529415,41.83006566666666
January,2020,NCR,2328,10,2020-01-01,20.4117641,7.483659866666667
February,2020,NCR,1991,7,2020-02-01,12.0588236,4.7261439
March,2020,NCR,1032,3,2020-03-01,12.4705885,7.301306966666666
April,2020,NCR,99,0,2020-04-01,13.647058999999999,8.607189266666667
May,2020,NCR,65,0,2020-05-01,152.058823,57.25359433333333
June,2020,NCR,57,0,2020-06-01,229.764712,93.65947666666666
July,2020,NCR,112,0,2020-07-01,273.2353,152.26470666666665
August,2020,NCR,158,1,2020-08-01,343.176467,160.70719
September,2020,NCR,131,134,2020-09-01,303.294114,141.99346666666668
October,2020,NCR,129,185,2020-10-01,434.70588999999995,78.62222
November,2020,NCR,423,139,2020-11-01,343.058816,54.76209233333333
December,2020,NCR,658,4,2020-12-01,226.52940999999998,41.83006566666666
January,2016,Region I,705,1,2016-01-01,5.2089202,2.2228482333333335
February,2016,Region I,374,0,2016-02-01,6.1338029,2.5835941333333334
March,2016,Region I,276,0,2016-03-01,13.795774699999999,9.486385233333333
April,2016,Region I,240,2,2016-04-01,30.6901406,17.018936333333333
May,2016,Region I,243,1,2016-05-01,206.74883,78.42842866666666
June,2016,Region I,345,1,2016-06-01,212.70657699999998,100.179815
July,2016,Region I,1295,2,2016-07-01,385.69014,163.83330666666666
August,2016,Region I,1598,3,2016-08-01,779.7582199999999,198.59345666666664
September,2016,Region I,1415,3,2016-09-01,333.896705,131.92874666666668
October,2016,Region I,1000,6,2016-10-01,373.483581,69.01384900000001
November,2016,Region I,555,1,2016-11-01,82.19249,26.951852333333335
December,2016,Region I,235,1,2016-12-01,36.370892,10.6286904
January,2017,Region I,285,0,2017-01-01,8.0586855,2.2228482333333335
February,2017,Region I,202,2,2017-02-01,8.3849764,2.5835941333333334
March,2017,Region I,151,1,2017-03-01,15.577464800000001,9.486385233333333
April,2017,Region I,174,1,2017-04-01,37.2863843,17.018936333333333
May,2017,Region I,179,0,2017-05-01,307.464789,78.42842866666666
June,2017,Region I,362,2,2017-06-01,187.877938,100.179815
July,2017,Region I,1032,2,2017-07-01,511.67137,163.83330666666666
August,2017,Region I,1609,1,2017-08-01,512.11501,198.59345666666664
September,2017,Region I,1333,3,2017-09-01,228.28403500000002,131.92874666666668
October,2017,Region I,1159,5,2017-10-01,193.711277,69.01384900000001
November,2017,Region I,865,3,2017-11-01,102.431922,26.951852333333335
December,2017,Region I,885,3,2017-12-01,22.3309859,10.6286904
January,2018,Region I,699,6,2018-01-01,9.856807400000001,2.2228482333333335
February,2018,Region I,448,3,2018-02-01,4.8051642999999995,2.5835941333333334
March,2018,Region I,235,1,2018-03-01,14.2042257,9.486385233333333
April,2018,Region I,325,0,2018-04-01,83.826289,17.018936333333333
May,2018,Region I,334,0,2018-05-01,154.105633,78.42842866666666
June,2018,Region I,721,4,2018-06-01,468.15727,100.179815
July,2018,Region I,3374,13,2018-07-01,574.901415,163.83330666666666
August,2018,Region I,3266,10,2018-08-01,915.87322,198.59345666666664
September,2018,Region I,2221,8,2018-09-01,444.166656,131.92874666666668
October,2018,Region I,1081,1,2018-10-01,113.17840000000001,69.01384900000001
November,2018,Region I,1285,1,2018-11-01,18.314554,26.951852333333335
December,2018,Region I,1522,6,2018-12-01,29.3004696,10.6286904
January,2019,Region I,596,2,2019-01-01,5.9600941,2.2228482333333335
February,2019,Region I,633,1,2019-02-01,3.471831,2.5835941333333334
March,2019,Region I,399,0,2019-03-01,12.563380500000001,9.486385233333333
April,2019,Region I,183,1,2019-04-01,57.962442,17.018936333333333
May,2019,Region I,197,1,2019-05-01,328.35212,78.42842866666666
June,2019,Region I,743,3,2019-06-01,306.9554,100.179815
July,2019,Region I,2587,9,2019-07-01,413.16666599999996,163.83330666666666
August,2019,Region I,4178,11,2019-08-01,734.24648,198.59345666666664
September,2019,Region I,4814,9,2019-09-01,494.992972,131.92874666666668
October,2019,Region I,2585,3,2019-10-01,66.99530490000001,69.01384900000001
November,2019,Region I,2133,2,2019-11-01,218.246475,26.951852333333335
December,2019,Region I,819,0,2019-12-01,49.183099000000006,10.6286904
January,2020,Region I,424,1,2020-01-01,9.7793424,2.2228482333333335
February,2020,Region I,442,2,2020-02-01,5.2488262,2.5835941333333334
March,2020,Region I,352,5,2020-03-01,14.4131451,9.486385233333333
April,2020,Region I,46,2,2020-04-01,40.338028,17.018936333333333
May,2020,Region I,87,0,2020-05-01,165.78638,78.42842866666666
June,2020,Region I,186,2,2020-06-01,218.561038,100.179815
July,2020,Region I,452,2,2020-07-01,325.74648,163.83330666666666
August,2020,Region I,1030,0,2020-08-01,396.161966,198.59345666666664
September,2020,Region I,1052,2,2020-09-01,215.600946,131.92874666666668
October,2020,Region I,807,1,2020-10-01,314.946004,69.01384900000001
November,2020,Region I,1212,0,2020-11-01,179.98826599999998,26.951852333333335
December,2020,Region I,1081,1,2020-12-01,59.406105,10.6286904
January,2016,Region II,659,2,2016-01-01,51.280721,29.489277666666666
February,2016,Region II,408,2,2016-02-01,43.151071,22.792972333333335
March,2016,Region II,211,0,2016-03-01,41.730553,30.46636666666667
April,2016,Region II,138,0,2016-04-01,61.231117,26.369347
May,2016,Region II,126,0,2016-05-01,179.724922,58.311235333333336
June,2016,Region II,126,1,2016-06-01,116.502818,44.102179666666665
July,2016,Region II,390,1,2016-07-01,164.296511,72.731039
August,2016,Region II,754,0,2016-08-01,228.278459,84.32959833333332
September,2016,Region II,552,1,2016-09-01,224.855688,94.94973133333333
October,2016,Region II,292,3,2016-10-01,470.44422299999997,110.27646299999999
November,2016,Region II,181,1,2016-11-01,487.07327,124.66708333333332
December,2016,Region II,54,0,2016-12-01,310.47801,92.25747466666667
January,2017,Region II,265,1,2017-01-01,177.30552699999998,29.489277666666666
February,2017,Region II,112,1,2017-02-01,72.135289,22.792972333333335
March,2017,Region II,130,0,2017-03-01,70.066518,30.46636666666667
April,2017,Region II,112,2,2017-04-01,86.67869200000001,26.369347
May,2017,Region II,129,1,2017-05-01,260.90755,58.311235333333336
June,2017,Region II,260,0,2017-06-01,82.48365199999999,44.102179666666665
July,2017,Region II,639,1,2017-07-01,213.05411800000002,72.731039
August,2017,Region II,819,7,2017-08-01,245.985352,84.32959833333332
September,2017,Region II,668,3,2017-09-01,185.392334,94.94973133333333
October,2017,Region II,990,12,2017-10-01,382.7249,110.27646299999999
November,2017,Region II,678,4,2017-11-01,557.24691,124.66708333333332
December,2017,Region II,508,2,2017-12-01,221.684325,92.25747466666667
January,2018,Region II,418,2,2018-01-01,140.11274,29.489277666666666
February,2018,Region II,267,0,2018-02-01,45.291996999999995,22.792972333333335
March,2018,Region II,234,2,2018-03-01,44.945885000000004,30.46636666666667
April,2018,Region II,238,1,2018-04-01,73.853436,26.369347
May,2018,Region II,276,0,2018-05-01,66.029312,58.311235333333336
June,2018,Region II,573,3,2018-06-01,163.04283900000001,44.102179666666665
July,2018,Region II,1516,4,2018-07-01,266.488158,72.731039
August,2018,Region II,2518,6,2018-08-01,275.036075,84.32959833333332
September,2018,Region II,3698,12,2018-09-01,326.481404,94.94973133333333
October,2018,Region II,2921,10,2018-10-01,214.11274099999997,110.27646299999999
November,2018,Region II,2522,5,2018-11-01,82.514093,124.66708333333332
December,2018,Region II,2497,17,2018-12-01,322.886139,92.25747466666667
January,2019,Region II,1797,18,2019-01-01,72.0,29.489277666666666
February,2019,Region II,2136,3,2019-02-01,22.316798000000002,22.792972333333335
March,2019,Region II,1355,2,2019-03-01,34.907551999999995,30.46636666666667
April,2019,Region II,429,2,2019-04-01,100.171366,26.369347
May,2019,Region II,486,3,2019-05-01,259.52763,58.311235333333336
June,2019,Region II,1171,3,2019-06-01,124.70575099999999,44.102179666666665
July,2019,Region II,1922,15,2019-07-01,175.23224299999998,72.731039
August,2019,Region II,2446,12,2019-08-01,317.133035,84.32959833333332
September,2019,Region II,2152,11,2019-09-01,325.014656,94.94973133333333
October,2019,Region II,1202,3,2019-10-01,142.803842,110.27646299999999
November,2019,Region II,957,5,2019-11-01,697.35175,124.66708333333332
December,2019,Region II,581,0,2019-12-01,400.72943999999995,92.25747466666667
January,2020,Region II,324,4,2020-01-01,76.924465,29.489277666666666
February,2020,Region II,436,0,2020-02-01,36.080045,22.792972333333335
March,2020,Region II,117,0,2020-03-01,44.152198,30.46636666666667
April,2020,Region II,18,0,2020-04-01,79.87485949999999,26.369347
May,2020,Region II,17,0,2020-05-01,166.188276,58.311235333333336
June,2020,Region II,30,0,2020-06-01,46.4735055,44.102179666666665
July,2020,Region II,54,0,2020-07-01,156.608792,72.731039
August,2020,Region II,108,2,2020-08-01,201.803834,84.32959833333332
September,2020,Region II,109,1,2020-09-01,175.290876,94.94973133333333
October,2020,Region II,158,2,2020-10-01,539.1859999999999,110.27646299999999
November,2020,Region II,161,0,2020-11-01,633.93575,124.66708333333332
December,2020,Region II,96,0,2020-12-01,707.62908,92.25747466666667
January,2016,Region III,1976,3,2016-01-01,22.5903441,14.260245
February,2016,Region III,1748,5,2016-02-01,19.8993108,12.286528333333335
March,2016,Region III,883,3,2016-03-01,43.108965,18.974376
April,2016,Region III,549,0,2016-04-01,45.52414,21.924199333333334
May,2016,Region III,365,0,2016-05-01,226.47862,82.15597033333334
June,2016,Region III,363,0,2016-06-01,202.21931,87.23101833333334
July,2016,Region III,1701,5,2016-07-01,431.4869,158.92541
August,2016,Region III,2877,8,2016-08-01,610.90344,180.52776666666668
September,2016,Region III,3194,12,2016-09-01,355.00827,134.83033
October,2016,Region III,3155,11,2016-10-01,415.726888,85.11838999999999
November,2016,Region III,2207,13,2016-11-01,172.012416,58.184275333333325
December,2016,Region III,1971,5,2016-12-01,151.772414,40.096184
January,2017,Region III,2301,6,2017-01-01,108.400001,14.260245
February,2017,Region III,1264,9,2017-02-01,52.1131027,12.286528333333335
March,2017,Region III,1006,3,2017-03-01,39.696552999999994,18.974376
April,2017,Region III,644,3,2017-04-01,67.961378,21.924199333333334
May,2017,Region III,430,2,2017-05-01,292.870344,82.15597033333334
June,2017,Region III,756,2,2017-06-01,162.89793,87.23101833333334
July,2017,Region III,3263,6,2017-07-01,461.52139,158.92541
August,2017,Region III,4764,18,2017-08-01,544.442765,180.52776666666668
September,2017,Region III,3263,9,2017-09-01,341.8662,134.83033
October,2017,Region III,2811,6,2017-10-01,233.249653,85.11838999999999
November,2017,Region III,2310,7,2017-11-01,291.90621699999997,58.184275333333325
December,2017,Region III,2388,10,2017-12-01,111.315865,40.096184
January,2018,Region III,2497,5,2018-01-01,64.422069,14.260245
February,2018,Region III,1829,4,2018-02-01,20.9172421,12.286528333333335
March,2018,Region III,1237,3,2018-03-01,36.201379,18.974376
April,2018,Region III,724,1,2018-04-01,73.92552,21.924199333333334
May,2018,Region III,695,2,2018-05-01,142.910345,82.15597033333334
June,2018,Region III,1174,5,2018-06-01,454.71448,87.23101833333334
July,2018,Region III,4576,19,2018-07-01,526.56138,158.92541
August,2018,Region III,5581,18,2018-08-01,666.83447,180.52776666666668
September,2018,Region III,5026,12,2018-09-01,421.346204,134.83033
October,2018,Region III,3302,5,2018-10-01,146.895172,85.11838999999999
November,2018,Region III,2859,7,2018-11-01,37.7848266,58.184275333333325
December,2018,Region III,2226,4,2018-12-01,139.303451,40.096184
January,2019,Region III,1813,4,2019-01-01,47.837242,14.260245
February,2019,Region III,1840,5,2019-02-01,14.4400003,12.286528333333335
March,2019,Region III,1230,3,2019-03-01,18.455171999999997,18.974376
April,2019,Region III,460,1,2019-04-01,78.806897,21.924199333333334
May,2019,Region III,428,1,2019-05-01,251.58345400000002,82.15597033333334
June,2019,Region III,1371,4,2019-06-01,236.335173,87.23101833333334
July,2019,Region III,2228,18,2019-07-01,413.78207,158.92541
August,2019,Region III,6593,17,2019-08-01,588.4289600000001,180.52776666666668
September,2019,Region III,9713,121,2019-09-01,449.547604,134.83033
October,2019,Region III,5682,5,2019-10-01,118.601379,85.11838999999999
November,2019,Region III,3003,4,2019-11-01,210.428967,58.184275333333325
December,2019,Region III,2797,11,2019-12-01,157.546208,40.096184
January,2020,Region III,2859,6,2020-01-01,38.986205999999996,14.260245
February,2020,Region III,3091,14,2020-02-01,36.144827,12.286528333333335
March,2020,Region III,1404,4,2020-03-01,28.022069000000002,18.974376
April,2020,Region III,207,0,2020-04-01,71.877243,21.924199333333334
May,2020,Region III,201,0,2020-05-01,209.565513,82.15597033333334
June,2020,Region III,280,3,2020-06-01,192.55586,87.23101833333334
July,2020,Region III,698,12,2020-07-01,275.321375,158.92541
August,2020,Region III,1272,3,2020-08-01,385.55448,180.52776666666668
September,2020,Region III,1073,3,2020-09-01,276.04828,134.83033
October,2020,Region III,1013,5,2020-10-01,462.248295,85.11838999999999
November,2020,Region III,1731,1,2020-11-01,366.10068,58.184275333333325
December,2020,Region III,2162,6,2020-12-01,274.536555,40.096184
January,2016,Region IV-A,2993,14,2016-01-01,70.026819,40.02713833333333
February,2016,Region IV-A,2035,5,2016-02-01,43.157087000000004,27.28720733333333
March,2016,Region IV-A,1327,9,2016-03-01,91.758621,30.652299333333332
April,2016,Region IV-A,838,1,2016-04-01,29.6800767,22.48891
May,2016,Region IV-A,714,1,2016-05-01,129.12069200000002,56.00372333333333
June,2016,Region IV-A,778,4,2016-06-01,209.756707,77.34295366666667
July,2016,Region IV-A,2270,6,2016-07-01,258.52874,110.822137
August,2016,Region IV-A,3218,2,2016-08-01,285.19157,102.23669666666666
September,2016,Region IV-A,3454,28,2016-09-01,242.471262,114.87931333333334
October,2016,Region IV-A,3175,20,2016-10-01,431.10153,111.81473133333333
November,2016,Region IV-A,2023,10,2016-11-01,363.53447,101.50872499999998
December,2016,Region IV-A,1457,8,2016-12-01,485.76054,110.64286866666667
January,2017,Region IV-A,1764,14,2017-01-01,284.480846,40.02713833333333
February,2017,Region IV-A,1243,5,2017-02-01,96.068963,27.28720733333333
March,2017,Region IV-A,927,2,2017-03-01,67.266285,30.652299333333332
April,2017,Region IV-A,647,0,2017-04-01,113.547892,22.48891
May,2017,Region IV-A,435,1,2017-05-01,182.038317,56.00372333333333
June,2017,Region IV-A,815,5,2017-06-01,191.72988600000002,77.34295366666667
July,2017,Region IV-A,2727,5,2017-07-01,380.58429,110.822137
August,2017,Region IV-A,3121,17,2017-08-01,287.61686,102.23669666666666
September,2017,Region IV-A,2520,6,2017-09-01,499.69157400000006,114.87931333333334
October,2017,Region IV-A,2759,20,2017-10-01,371.657075,111.81473133333333
November,2017,Region IV-A,2635,21,2017-11-01,463.894635,101.50872499999998
December,2017,Region IV-A,2828,14,2017-12-01,505.38506,110.64286866666667
January,2018,Region IV-A,2457,17,2018-01-01,215.59578299999998,40.02713833333333
February,2018,Region IV-A,1975,9,2018-02-01,77.145594,27.28720733333333
March,2018,Region IV-A,1494,10,2018-03-01,70.733716,30.652299333333332
April,2018,Region IV-A,946,10,2018-04-01,53.434866,22.48891
May,2018,Region IV-A,675,4,2018-05-01,118.22030799999999,56.00372333333333
June,2018,Region IV-A,991,2,2018-06-01,371.66283500000003,77.34295366666667
July,2018,Region IV-A,2793,17,2018-07-01,285.19732,110.822137
August,2018,Region IV-A,3756,18,2018-08-01,245.793107,102.23669666666666
September,2018,Region IV-A,4697,31,2018-09-01,323.691566,114.87931333333334
October,2018,Region IV-A,3914,18,2018-10-01,166.375476,111.81473133333333
November,2018,Region IV-A,3575,16,2018-11-01,146.70306399999998,101.50872499999998
December,2018,Region IV-A,3137,5,2018-12-01,475.869723,110.64286866666667
January,2019,Region IV-A,2157,6,2019-01-01,109.816092,40.02713833333333
February,2019,Region IV-A,3252,14,2019-02-01,25.4348661,27.28720733333333
March,2019,Region IV-A,2252,13,2019-03-01,22.4731797,30.652299333333332
April,2019,Region IV-A,892,3,2019-04-01,36.3754803,22.48891
May,2019,Region IV-A,909,9,2019-05-01,220.86974,56.00372333333333
June,2019,Region IV-A,2531,8,2019-06-01,160.50192,77.34295366666667
July,2019,Region IV-A,6365,21,2019-07-01,276.92145,110.822137
August,2019,Region IV-A,15047,39,2019-08-01,325.758602,102.23669666666666
September,2019,Region IV-A,21658,48,2019-09-01,252.404209,114.87931333333334
October,2019,Region IV-A,10365,37,2019-10-01,170.101528,111.81473133333333
November,2019,Region IV-A,5899,23,2019-11-01,291.0977,101.50872499999998
December,2019,Region IV-A,4868,21,2019-12-01,296.36973,110.64286866666667
January,2020,Region IV-A,3175,11,2020-01-01,105.12644,40.02713833333333
February,2020,Region IV-A,2581,3,2020-02-01,80.034485,27.28720733333333
March,2020,Region IV-A,1504,6,2020-03-01,40.565134,30.652299333333332
April,2020,Region IV-A,151,0,2020-04-01,59.47126300000001,22.48891
May,2020,Region IV-A,77,1,2020-05-01,166.69732,56.00372333333333
June,2020,Region IV-A,105,0,2020-06-01,225.64750500000002,77.34295366666667
July,2020,Region IV-A,212,0,2020-07-01,273.208824,110.822137
August,2020,Region IV-A,291,1,2020-08-01,292.25478999999996,102.23669666666666
September,2020,Region IV-A,231,4,2020-09-01,265.388883,114.87931333333334
October,2020,Region IV-A,325,2,2020-10-01,659.66092,111.81473133333333
November,2020,Region IV-A,542,3,2020-11-01,521.62452,101.50872499999998
December,2020,Region IV-A,527,4,2020-12-01,549.50383,110.64286866666667
January,2016,Region IV-B,203,1,2016-01-01,19.843924299999998,21.335166333333333
February,2016,Region IV-B,219,0,2016-02-01,14.0724632,8.609636766666666
March,2016,Region IV-B,211,1,2016-03-01,13.0323302,11.825728
April,2016,Region IV-B,181,2,2016-04-01,27.4704572,19.881531
May,2016,Region IV-B,203,5,2016-05-01,162.373466,70.55652166666667
June,2016,Region IV-B,263,0,2016-06-01,308.21628,100.89848833333333
July,2016,Region IV-B,735,2,2016-07-01,303.202909,128.15023966666666
August,2016,Region IV-B,778,3,2016-08-01,367.89187000000004,131.93049666666667
September,2016,Region IV-B,469,2,2016-09-01,310.296559,109.638298
October,2016,Region IV-B,388,1,2016-10-01,420.93868,91.02757333333334
November,2016,Region IV-B,214,1,2016-11-01,244.699,69.00717333333334
December,2016,Region IV-B,135,0,2016-12-01,224.39019100000002,59.45238433333333
January,2017,Region IV-B,243,0,2017-01-01,155.19175,21.335166333333333
February,2017,Region IV-B,255,0,2017-02-01,22.5172798,8.609636766666666
March,2017,Region IV-B,147,0,2017-03-01,32.95875,11.825728
April,2017,Region IV-B,69,1,2017-04-01,61.027868999999995,19.881531
May,2017,Region IV-B,94,0,2017-05-01,170.245262,70.55652166666667
June,2017,Region IV-B,232,0,2017-06-01,293.914157,100.89848833333333
July,2017,Region IV-B,393,1,2017-07-01,485.42697999999996,128.15023966666666
August,2017,Region IV-B,412,1,2017-08-01,331.90522999999996,131.93049666666667
September,2017,Region IV-B,286,2,2017-09-01,348.08806300000003,109.638298
October,2017,Region IV-B,247,5,2017-10-01,394.37681,91.02757333333334
November,2017,Region IV-B,203,1,2017-11-01,250.39130699999998,69.00717333333334
December,2017,Region IV-B,189,1,2017-12-01,353.564103,59.45238433333333
January,2018,Region IV-B,214,1,2018-01-01,137.180598,21.335166333333333
February,2018,Region IV-B,277,2,2018-02-01,24.5373467,8.609636766666666
March,2018,Region IV-B,203,2,2018-03-01,27.405797,11.825728
April,2018,Region IV-B,198,2,2018-04-01,41.326645,19.881531
May,2018,Region IV-B,238,1,2018-05-01,176.730214,70.55652166666667
June,2018,Region IV-B,471,2,2018-06-01,341.83946,100.89848833333333
July,2018,Region IV-B,1650,6,2018-07-01,438.198435,128.15023966666666
August,2018,Region IV-B,1489,17,2018-08-01,304.14604499999996,131.93049666666667
September,2018,Region IV-B,1582,12,2018-09-01,286.9621,109.638298
October,2018,Region IV-B,637,3,2018-10-01,143.265331,91.02757333333334
November,2018,Region IV-B,470,1,2018-11-01,152.197326,69.00717333333334
December,2018,Region IV-B,590,2,2018-12-01,155.084727,59.45238433333333
January,2019,Region IV-B,435,3,2019-01-01,33.512820000000005,21.335166333333333
February,2019,Region IV-B,710,2,2019-02-01,7.0011147000000005,8.609636766666666
March,2019,Region IV-B,799,2,2019-03-01,9.2887402,11.825728
April,2019,Region IV-B,364,2,2019-04-01,16.9096988,19.881531
May,2019,Region IV-B,248,0,2019-05-01,155.19174800000002,70.55652166666667
June,2019,Region IV-B,941,1,2019-06-01,267.2631,100.89848833333333
July,2019,Region IV-B,1628,2,2019-07-01,311.235235,128.15023966666666
August,2019,Region IV-B,2125,4,2019-08-01,454.740237,131.93049666666667
September,2019,Region IV-B,1995,4,2019-09-01,258.63210200000003,109.638298
October,2019,Region IV-B,710,4,2019-10-01,189.936456,91.02757333333334
November,2019,Region IV-B,616,2,2019-11-01,174.68561599999998,69.00717333333334
December,2019,Region IV-B,413,0,2019-12-01,137.892979,59.45238433333333
January,2020,Region IV-B,320,0,2020-01-01,35.2642145,21.335166333333333
February,2020,Region IV-B,607,2,2020-02-01,20.5228532,8.609636766666666
March,2020,Region IV-B,537,2,2020-03-01,14.2575251,11.825728
April,2020,Region IV-B,77,0,2020-04-01,38.374582000000004,19.881531
May,2020,Region IV-B,111,0,2020-05-01,110.260869,70.55652166666667
June,2020,Region IV-B,196,0,2020-06-01,332.12374,100.89848833333333
July,2020,Region IV-B,467,0,2020-07-01,348.265326,128.15023966666666
August,2020,Region IV-B,1048,3,2020-08-01,307.045707,131.93049666666667
September,2020,Region IV-B,694,1,2020-09-01,324.6243,109.638298
October,2020,Region IV-B,438,2,2020-10-01,577.96544,91.02757333333334
November,2020,Region IV-B,390,13,2020-11-01,250.134886,69.00717333333334
December,2020,Region IV-B,192,0,2020-12-01,275.46154,59.45238433333333
January,2016,Region IX,596,2,2016-01-01,26.4809324,43.26577066666667
February,2016,Region IX,432,2,2016-02-01,26.697034000000002,34.48095566666667
March,2016,Region IX,414,1,2016-03-01,12.2669494,48.57992033333333
April,2016,Region IX,286,1,2016-04-01,59.057204,46.483499
May,2016,Region IX,451,3,2016-05-01,224.084742,76.38281666666667
June,2016,Region IX,641,5,2016-06-01,394.17161,110.11381666666666
July,2016,Region IX,1025,4,2016-07-01,319.83898,116.77022133333332
August,2016,Region IX,1016,4,2016-08-01,290.923726,103.67212833333333
September,2016,Region IX,693,4,2016-09-01,285.08899,88.61772666666667
October,2016,Region IX,690,5,2016-10-01,387.14407,110.59112533333332
November,2016,Region IX,520,6,2016-11-01,259.063564,84.91826666666667
December,2016,Region IX,451,4,2016-12-01,214.063558,71.29668199999999
January,2017,Region IX,527,4,2017-01-01,244.646185,43.26577066666667
February,2017,Region IX,404,2,2017-02-01,91.521186,34.48095566666667
March,2017,Region IX,261,1,2017-03-01,217.495754,48.57992033333333
April,2017,Region IX,291,0,2017-04-01,118.296614,46.483499
May,2017,Region IX,293,1,2017-05-01,432.95126,76.38281666666667
June,2017,Region IX,521,5,2017-06-01,343.05933000000005,110.11381666666666
July,2017,Region IX,882,5,2017-07-01,315.828384,116.77022133333332
August,2017,Region IX,468,0,2017-08-01,340.85805,103.67212833333333
September,2017,Region IX,115,116,2017-09-01,320.766954,88.61772666666667
October,2017,Region IX,108,176,2017-10-01,454.974586,110.59112533333332
November,2017,Region IX,196,2,2017-11-01,194.076276,84.91826666666667
December,2017,Region IX,208,1,2017-12-01,304.078396,71.29668199999999
January,2018,Region IX,299,3,2018-01-01,202.03601600000002,43.26577066666667
February,2018,Region IX,341,2,2018-02-01,183.413137,34.48095566666667
March,2018,Region IX,288,3,2018-03-01,71.040255,48.57992033333333
April,2018,Region IX,220,0,2018-04-01,259.04661,46.483499
May,2018,Region IX,315,2,2018-05-01,227.95974,76.38281666666667
June,2018,Region IX,366,1,2018-06-01,187.25,110.11381666666666
July,2018,Region IX,754,5,2018-07-01,299.453395,116.77022133333332
August,2018,Region IX,780,11,2018-08-01,267.612285,103.67212833333333
September,2018,Region IX,658,4,2018-09-01,289.23305,88.61772666666667
October,2018,Region IX,630,7,2018-10-01,207.75847,110.59112533333332
November,2018,Region IX,700,11,2018-11-01,217.319918,84.91826666666667
December,2018,Region IX,810,5,2018-12-01,151.39407,71.29668199999999
January,2019,Region IX,775,7,2019-01-01,79.713986,43.26577066666667
February,2019,Region IX,1003,5,2019-02-01,19.7457628,34.48095566666667
March,2019,Region IX,1105,10,2019-03-01,46.7182203,48.57992033333333
April,2019,Region IX,948,11,2019-04-01,70.150423,46.483499
May,2019,Region IX,1602,8,2019-05-01,131.358051,76.38281666666667
June,2019,Region IX,3201,11,2019-06-01,256.618637,110.11381666666666
July,2019,Region IX,7024,20,2019-07-01,394.86229000000003,116.77022133333332
August,2019,Region IX,4233,20,2019-08-01,180.14407,103.67212833333333
September,2019,Region IX,3304,4,2019-09-01,134.031776,88.61772666666667
October,2019,Region IX,1773,7,2019-10-01,313.66101000000003,110.59112533333332
November,2019,Region IX,1507,3,2019-11-01,136.45339,84.91826666666667
December,2019,Region IX,972,2,2019-12-01,130.713983,71.29668199999999
January,2020,Region IX,577,3,2020-01-01,42.249999,43.26577066666667
February,2020,Region IX,593,3,2020-02-01,57.197033000000005,34.48095566666667
March,2020,Region IX,433,1,2020-03-01,96.2881354,48.57992033333333
April,2020,Region IX,115,2,2020-04-01,42.137711,46.483499
May,2020,Region IX,164,1,2020-05-01,256.89619,76.38281666666667
June,2020,Region IX,124,1,2020-06-01,417.834736,110.11381666666666
July,2020,Region IX,168,0,2020-07-01,409.29237,116.77022133333332
August,2020,Region IX,213,1,2020-08-01,359.77332,103.67212833333333
September,2020,Region IX,107,3,2020-09-01,237.84745800000002,88.61772666666667
October,2020,Region IX,79,0,2020-10-01,512.07839,110.59112533333332
November,2020,Region IX,60,0,2020-11-01,289.45339,84.91826666666667
December,2020,Region IX,51,1,2020-12-01,325.277544,71.29668199999999
January,2016,Region V,237,0,2016-01-01,117.577586,88.12889166666666
February,2016,Region V,161,0,2016-02-01,76.222413,55.015268
March,2016,Region V,118,2,2016-03-01,83.12758699999999,55.289080000000006
April,2016,Region V,94,1,2016-04-01,44.622414,35.61971333333333
May,2016,Region V,96,0,2016-05-01,96.92241,60.69931
June,2016,Region V,106,0,2016-06-01,182.02586,65.955249
July,2016,Region V,248,2,2016-07-01,248.094833,101.87996166666666
August,2016,Region V,346,1,2016-08-01,157.937926,74.17394666666667
September,2016,Region V,378,7,2016-09-01,207.53965499999998,101.31835166666667
October,2016,Region V,319,3,2016-10-01,628.97243,126.50854666666665
November,2016,Region V,242,0,2016-11-01,451.88622,120.96519333333333
December,2016,Region V,187,0,2016-12-01,512.941366,160.18674000000001
January,2017,Region V,232,1,2017-01-01,454.1069,88.12889166666666
February,2017,Region V,178,1,2017-02-01,101.456892,55.015268
March,2017,Region V,111,0,2017-03-01,165.131034,55.289080000000006
April,2017,Region V,130,1,2017-04-01,107.681032,35.61971333333333
May,2017,Region V,66,1,2017-05-01,173.100003,60.69931
June,2017,Region V,163,1,2017-06-01,144.527583,65.955249
July,2017,Region V,373,1,2017-07-01,380.118965,101.87996166666666
August,2017,Region V,435,2,2017-08-01,215.655169,74.17394666666667
September,2017,Region V,367,2,2017-09-01,387.63619,101.31835166666667
October,2017,Region V,508,5,2017-10-01,466.56206,126.50854666666665
November,2017,Region V,323,6,2017-11-01,399.941375,120.96519333333333
December,2017,Region V,339,3,2017-12-01,706.04135,160.18674000000001
January,2018,Region V,297,3,2018-01-01,613.11553,88.12889166666666
February,2018,Region V,168,2,2018-02-01,277.137934,55.015268
March,2018,Region V,157,0,2018-03-01,111.43275700000001,55.289080000000006
April,2018,Region V,173,1,2018-04-01,109.955173,35.61971333333333
May,2018,Region V,136,1,2018-05-01,121.339654,60.69931
June,2018,Region V,235,7,2018-06-01,198.374136,65.955249
July,2018,Region V,408,3,2018-07-01,204.21551599999998,101.87996166666666
August,2018,Region V,355,3,2018-08-01,153.374132,74.17394666666667
September,2018,Region V,397,6,2018-09-01,356.146541,101.31835166666667
October,2018,Region V,320,3,2018-10-01,162.46206899999999,126.50854666666665
November,2018,Region V,355,3,2018-11-01,243.73449,120.96519333333333
December,2018,Region V,547,4,2018-12-01,679.048285,160.18674000000001
January,2019,Region V,342,2,2019-01-01,150.35517299999998,88.12889166666666
February,2019,Region V,387,9,2019-02-01,34.012068,55.015268
March,2019,Region V,436,7,2019-03-01,26.656897,55.289080000000006
April,2019,Region V,223,2,2019-04-01,54.2793124,35.61971333333333
May,2019,Region V,205,3,2019-05-01,153.129311,60.69931
June,2019,Region V,547,9,2019-06-01,182.34482500000001,65.955249
July,2019,Region V,1371,10,2019-07-01,270.146558,101.87996166666666
August,2019,Region V,2281,12,2019-08-01,271.570697,74.17394666666667
September,2019,Region V,2846,16,2019-09-01,174.68620900000002,101.31835166666667
October,2019,Region V,1292,7,2019-10-01,215.512073,126.50854666666665
November,2019,Region V,648,4,2019-11-01,266.649995,120.96519333333333
December,2019,Region V,563,7,2019-12-01,368.048267,160.18674000000001
January,2020,Region V,404,2,2020-01-01,178.087937,88.12889166666666
February,2020,Region V,394,3,2020-02-01,81.725863,55.015268
March,2020,Region V,335,5,2020-03-01,114.73966,55.289080000000006
April,2020,Region V,86,3,2020-04-01,74.05,35.61971333333333
May,2020,Region V,74,0,2020-05-01,178.870692,60.69931
June,2020,Region V,55,1,2020-06-01,179.325859,65.955249
July,2020,Region V,47,1,2020-07-01,220.444838,101.87996166666666
August,2020,Region V,83,4,2020-08-01,285.41552,74.17394666666667
September,2020,Region V,60,0,2020-09-01,263.574137,101.31835166666667
October,2020,Region V,53,0,2020-10-01,757.75171,126.50854666666665
November,2020,Region V,61,1,2020-11-01,507.06724,120.96519333333333
December,2020,Region V,69,1,2020-12-01,577.99999,160.18674000000001
January,2016,Region VI,971,1,2016-01-01,55.853697999999994,37.648936
February,2016,Region VI,674,2,2016-02-01,34.453997,25.222943
March,2016,Region VI,596,1,2016-03-01,22.3046754,29.456946000000002
April,2016,Region VI,560,1,2016-04-01,34.352941,23.911731
May,2016,Region VI,782,3,2016-05-01,211.963797,72.98970866666666
June,2016,Region VI,1137,4,2016-06-01,359.95173,121.29646533333333
July,2016,Region VI,4993,17,2016-07-01,369.081458,151.5388
August,2016,Region VI,7155,22,2016-08-01,247.398188,128.1306033333333
September,2016,Region VI,5039,16,2016-09-01,338.91703,103.723898
October,2016,Region VI,2562,12,2016-10-01,450.27754,103.32927666666666
November,2016,Region VI,1058,5,2016-11-01,290.628963,76.35466833333334
December,2016,Region VI,643,3,2016-12-01,221.365001,67.042334
January,2017,Region VI,727,5,2017-01-01,255.80542100000002,37.648936
February,2017,Region VI,454,5,2017-02-01,51.775264,25.222943
March,2017,Region VI,336,2,2017-03-01,90.46002999999999,29.456946000000002
April,2017,Region VI,310,6,2017-04-01,111.51885200000001,23.911731
May,2017,Region VI,346,3,2017-05-01,217.482653,72.98970866666666
June,2017,Region VI,630,5,2017-06-01,407.132725,121.29646533333333
July,2017,Region VI,1577,12,2017-07-01,438.423834,151.5388
August,2017,Region VI,2291,10,2017-08-01,353.69984999999997,128.1306033333333
September,2017,Region VI,686,648,2017-09-01,438.85670400000004,103.723898
October,2017,Region VI,488,668,2017-10-01,444.33937,103.32927666666666
November,2017,Region VI,627,8,2017-11-01,213.828055,76.35466833333334
December,2017,Region VI,811,8,2017-12-01,370.475105,67.042334
January,2018,Region VI,755,3,2018-01-01,250.212672,37.648936
February,2018,Region VI,574,3,2018-02-01,135.73755599999998,25.222943
March,2018,Region VI,456,6,2018-03-01,77.736048,29.456946000000002
April,2018,Region VI,487,5,2018-04-01,57.892911,23.911731
May,2018,Region VI,545,2,2018-05-01,180.05278800000002,72.98970866666666
June,2018,Region VI,1017,13,2018-06-01,337.06485,121.29646533333333
July,2018,Region VI,2701,15,2018-07-01,351.39366,151.5388
August,2018,Region VI,2639,16,2018-08-01,269.514317,128.1306033333333
September,2018,Region VI,2846,21,2018-09-01,298.63498,103.723898
October,2018,Region VI,1903,9,2018-10-01,139.862745,103.32927666666666
November,2018,Region VI,1724,9,2018-11-01,165.277521,76.35466833333334
December,2018,Region VI,1935,7,2018-12-01,196.577683,67.042334
January,2019,Region VI,1426,10,2019-01-01,54.307693,37.648936
February,2019,Region VI,2003,8,2019-02-01,23.808446,25.222943
March,2019,Region VI,2262,19,2019-03-01,33.5671195,29.456946000000002
April,2019,Region VI,1199,7,2019-04-01,38.6726984,23.911731
May,2019,Region VI,1386,9,2019-05-01,158.78884299999999,72.98970866666666
June,2019,Region VI,4859,31,2019-06-01,246.200607,121.29646533333333
July,2019,Region VI,13564,48,2019-07-01,384.04524,151.5388
August,2019,Region VI,18090,54,2019-08-01,484.49473,128.1306033333333
September,2019,Region VI,9048,32,2019-09-01,153.710406,103.723898
October,2019,Region VI,3475,8,2019-10-01,318.568624,103.32927666666666
November,2019,Region VI,1881,4,2019-11-01,205.604824,76.35466833333334
December,2019,Region VI,1164,3,2019-12-01,233.91856,67.042334
January,2020,Region VI,660,0,2020-01-01,65.315233,37.648936
February,2020,Region VI,784,1,2020-02-01,69.0874795,25.222943
March,2020,Region VI,630,2,2020-03-01,46.5007535,29.456946000000002
April,2020,Region VI,167,0,2020-04-01,25.6078431,23.911731
May,2020,Region VI,138,1,2020-05-01,193.318252,72.98970866666666
June,2020,Region VI,272,1,2020-06-01,383.31673,121.29646533333333
July,2020,Region VI,388,2,2020-07-01,419.401204,151.5388
August,2020,Region VI,473,4,2020-08-01,364.577678,128.1306033333333
September,2020,Region VI,169,2,2020-09-01,313.40573,103.723898
October,2020,Region VI,115,1,2020-10-01,563.11465,103.32927666666666
November,2020,Region VI,197,2,2020-11-01,225.357466,76.35466833333334
December,2020,Region VI,138,0,2020-12-01,353.42382499999997,67.042334
January,2016,Region VII,1690,10,2016-01-01,62.527658,52.125225
February,2016,Region VII,1175,7,2016-02-01,48.868086,31.177305666666665
March,2016,Region VII,1220,5,2016-03-01,22.9829783,35.344231666666666
April,2016,Region VII,984,15,2016-04-01,23.5999996,22.576406333333335
May,2016,Region VII,916,7,2016-05-01,146.22766099999998,43.41354666666666
June,2016,Region VII,756,8,2016-06-01,206.665958,70.368155
July,2016,Region VII,2473,20,2016-07-01,195.34468199999998,83.33014
August,2016,Region VII,4424,32,2016-08-01,93.948935,73.01966666666667
September,2016,Region VII,4458,31,2016-09-01,217.65532,63.08718566666667
October,2016,Region VII,4531,46,2016-10-01,361.546805,77.28872666666666
November,2016,Region VII,3771,36,2016-11-01,284.00426500000003,62.63761333333333
December,2016,Region VII,2997,26,2016-12-01,173.565953,61.85023566666666
January,2017,Region VII,2750,28,2017-01-01,337.148942,52.125225
February,2017,Region VII,1598,15,2017-02-01,78.076596,31.177305666666665
March,2017,Region VII,1058,11,2017-03-01,146.359578,35.344231666666666
April,2017,Region VII,750,16,2017-04-01,146.1276616,22.576406333333335
May,2017,Region VII,537,3,2017-05-01,153.004256,43.41354666666666
June,2017,Region VII,718,6,2017-06-01,183.491496,70.368155
July,2017,Region VII,1234,9,2017-07-01,263.87021300000004,83.33014
August,2017,Region VII,2647,10,2017-08-01,300.48298,73.01966666666667
September,2017,Region VII,2570,492,2017-09-01,300.468085,63.08718566666667
October,2017,Region VII,421,584,2017-10-01,334.62553,77.28872666666666
November,2017,Region VII,691,6,2017-11-01,161.836166,62.63761333333333
December,2017,Region VII,966,9,2017-12-01,235.81276300000002,61.85023566666666
January,2018,Region VII,659,4,2018-01-01,289.397874,52.125225
February,2018,Region VII,567,1,2018-02-01,202.882975,31.177305666666665
March,2018,Region VII,478,7,2018-03-01,76.25745,35.344231666666666
April,2018,Region VII,402,1,2018-04-01,67.01064,22.576406333333335
May,2018,Region VII,328,5,2018-05-01,102.636169,43.41354666666666
June,2018,Region VII,636,3,2018-06-01,193.765955,70.368155
July,2018,Region VII,1539,6,2018-07-01,176.72127500000002,83.33014
August,2018,Region VII,2417,12,2018-08-01,128.612766,73.01966666666667
September,2018,Region VII,2830,5,2018-09-01,200.148933,63.08718566666667
October,2018,Region VII,3185,32,2018-10-01,132.76382999999998,77.28872666666666
November,2018,Region VII,4123,29,2018-11-01,171.69574799999998,62.63761333333333
December,2018,Region VII,4725,26,2018-12-01,197.989369,61.85023566666666
January,2019,Region VII,2461,17,2019-01-01,119.482981,52.125225
February,2019,Region VII,2815,13,2019-02-01,35.355319,31.177305666666665
March,2019,Region VII,1831,9,2019-03-01,66.453192,35.344231666666666
April,2019,Region VII,571,4,2019-04-01,29.4148931,22.576406333333335
May,2019,Region VII,535,6,2019-05-01,58.695745,43.41354666666666
June,2019,Region VII,1030,14,2019-06-01,139.865964,70.368155
July,2019,Region VII,2124,14,2019-07-01,257.965956,83.33014
August,2019,Region VII,3858,12,2019-08-01,166.159578,73.01966666666667
September,2019,Region VII,5534,16,2019-09-01,75.28936,63.08718566666667
October,2019,Region VII,3791,7,2019-10-01,204.678724,77.28872666666666
November,2019,Region VII,2823,15,2019-11-01,103.306381,62.63761333333333
December,2019,Region VII,3680,16,2019-12-01,199.553193,61.85023566666666
January,2020,Region VII,3389,8,2020-01-01,51.617021,52.125225
February,2020,Region VII,3464,18,2020-02-01,99.229788,31.177305666666665
March,2020,Region VII,2119,6,2020-03-01,64.29574600000001,35.344231666666666
April,2020,Region VII,578,2,2020-04-01,25.448937,22.576406333333335
May,2020,Region VII,290,3,2020-05-01,109.340424,43.41354666666666
June,2020,Region VII,252,2,2020-06-01,218.600001,70.368155
July,2020,Region VII,355,3,2020-07-01,230.09787,83.33014
August,2020,Region VII,626,5,2020-08-01,271.148932,73.01966666666667
September,2020,Region VII,473,4,2020-09-01,150.280848,63.08718566666667
October,2020,Region VII,350,0,2020-10-01,431.40638,77.28872666666666
November,2020,Region VII,303,3,2020-11-01,149.761704,62.63761333333333
December,2020,Region VII,207,0,2020-12-01,326.96171100000004,61.85023566666666
January,2016,Region VIII,469,4,2016-01-01,148.91919000000001,144.16761466666665
February,2016,Region VIII,376,1,2016-02-01,75.002887,85.880792
March,2016,Region VIII,273,2,2016-03-01,46.720057,90.13400833333333
April,2016,Region VIII,217,0,2016-04-01,68.831167,58.41285933333333
May,2016,Region VIII,364,3,2016-05-01,129.248199,65.24898366666667
June,2016,Region VIII,426,11,2016-06-01,235.023086,83.620633
July,2016,Region VIII,921,7,2016-07-01,392.35353,99.75310333333334
August,2016,Region VIII,839,7,2016-08-01,111.844157,76.41068
September,2016,Region VIII,575,4,2016-09-01,257.246754,82.87794000000001
October,2016,Region VIII,421,0,2016-10-01,438.84848999999997,108.32254666666667
November,2016,Region VIII,278,0,2016-11-01,573.16017,134.54183
December,2016,Region VIII,229,3,2016-12-01,436.85138,184.4779566666667
January,2017,Region VIII,620,3,2017-01-01,583.86004,144.16761466666665
February,2017,Region VIII,438,0,2017-02-01,194.48051999999998,85.880792
March,2017,Region VIII,323,1,2017-03-01,402.808095,90.13400833333333
April,2017,Region VIII,356,1,2017-04-01,214.73448000000002,58.41285933333333
May,2017,Region VIII,220,2,2017-05-01,201.47330399999998,65.24898366666667
June,2017,Region VIII,236,2,2017-06-01,190.53535499999998,83.620633
July,2017,Region VIII,433,2,2017-07-01,437.82538,99.75310333333334
August,2017,Region VIII,417,0,2017-08-01,188.795097,76.41068
September,2017,Region VIII,198,147,2017-09-01,355.78211,82.87794000000001
October,2017,Region VIII,144,236,2017-10-01,349.00577,108.32254666666667
November,2017,Region VIII,191,2,2017-11-01,293.78643,134.54183
December,2017,Region VIII,340,2,2017-12-01,925.1472100000001,184.4779566666667
January,2018,Region VIII,485,2,2018-01-01,900.92206,144.16761466666665
February,2018,Region VIII,313,4,2018-02-01,643.17171,85.880792
March,2018,Region VIII,241,4,2018-03-01,180.44444299999998,90.13400833333333
April,2018,Region VIII,270,1,2018-04-01,213.343428,58.41285933333333
May,2018,Region VIII,325,1,2018-05-01,207.418477,65.24898366666667
June,2018,Region VIII,503,4,2018-06-01,256.313134,83.620633
July,2018,Region VIII,813,6,2018-07-01,287.330445,99.75310333333334
August,2018,Region VIII,1106,4,2018-08-01,148.161612,76.41068
September,2018,Region VIII,1315,6,2018-09-01,232.666669,82.87794000000001
October,2018,Region VIII,1563,3,2018-10-01,155.519485,108.32254666666667
November,2018,Region VIII,1781,11,2018-11-01,392.705626,134.54183
December,2018,Region VIII,2261,14,2018-12-01,756.336236,184.4779566666667
January,2019,Region VIII,1000,5,2019-01-01,236.177486,144.16761466666665
February,2019,Region VIII,1178,5,2019-02-01,51.683982,85.880792
March,2019,Region VIII,815,1,2019-03-01,57.777777,90.13400833333333
April,2019,Region VIII,488,5,2019-04-01,68.858588,58.41285933333333
May,2019,Region VIII,427,3,2019-05-01,120.738815,65.24898366666667
June,2019,Region VIII,1031,4,2019-06-01,239.744591,83.620633
July,2019,Region VIII,3699,11,2019-07-01,236.004331,99.75310333333334
August,2019,Region VIII,7557,19,2019-08-01,210.64068600000002,76.41068
September,2019,Region VIII,6084,9,2019-09-01,106.656566,82.87794000000001
October,2019,Region VIII,2634,4,2019-10-01,237.05338899999998,108.32254666666667
November,2019,Region VIII,1218,5,2019-11-01,226.720061,134.54183
December,2019,Region VIII,740,2,2019-12-01,462.04328999999996,184.4779566666667
January,2020,Region VIII,897,3,2020-01-01,217.60317600000002,144.16761466666665
February,2020,Region VIII,1500,3,2020-02-01,168.079367,85.880792
March,2020,Region VIII,1210,2,2020-03-01,152.69263899999999,90.13400833333333
April,2020,Region VIII,279,1,2020-04-01,90.676768,58.41285933333333
May,2020,Region VIII,192,0,2020-05-01,179.38384,65.24898366666667
June,2020,Region VIII,129,1,2020-06-01,277.34488,83.620633
July,2020,Region VIII,121,0,2020-07-01,213.95959,99.75310333333334
August,2020,Region VIII,138,0,2020-08-01,313.828278,76.41068
September,2020,Region VIII,120,1,2020-09-01,207.52813899999998,82.87794000000001
October,2020,Region VIII,95,0,2020-10-01,501.3896,108.32254666666667
November,2020,Region VIII,110,1,2020-11-01,469.239546,134.54183
December,2020,Region VIII,41,0,2020-12-01,582.67531,184.4779566666667
January,2016,Region X,1450,4,2016-01-01,28.7848327,67.26178533333332
February,2016,Region X,1184,3,2016-02-01,55.202822,54.136174000000004
March,2016,Region X,944,2,2016-03-01,36.620811,63.531101
April,2016,Region X,768,3,2016-04-01,69.90476699999999,48.353909666666674
May,2016,Region X,825,4,2016-05-01,231.3739,73.73394
June,2016,Region X,973,4,2016-06-01,388.37037,113.28806866666666
July,2016,Region X,2519,10,2016-07-01,366.67372,119.66940799999999
August,2016,Region X,2897,11,2016-08-01,207.60846,102.334098
September,2016,Region X,2386,10,2016-09-01,385.62435,107.70336999999999
October,2016,Region X,1794,10,2016-10-01,366.28924,92.99806000000001
November,2016,Region X,1066,6,2016-11-01,291.201056,82.73270833333333
December,2016,Region X,874,2,2016-12-01,269.194,83.374565
January,2017,Region X,1097,4,2017-01-01,422.23457,67.26178533333332
February,2017,Region X,600,2,2017-02-01,194.934744,54.136174000000004
March,2017,Region X,482,4,2017-03-01,282.75485000000003,63.531101
April,2017,Region X,451,2,2017-04-01,212.43210299999998,48.353909666666674
May,2017,Region X,356,2,2017-05-01,312.92239,73.73394
June,2017,Region X,451,1,2017-06-01,352.02117,113.28806866666666
July,2017,Region X,686,3,2017-07-01,368.340394,119.66940799999999
August,2017,Region X,1354,4,2017-08-01,310.474424,102.334098
September,2017,Region X,290,243,2017-09-01,385.897704,107.70336999999999
October,2017,Region X,227,282,2017-10-01,327.165789,92.99806000000001
November,2017,Region X,276,1,2017-11-01,270.10053,82.73270833333333
December,2017,Region X,409,0,2017-12-01,335.724856,83.374565
January,2018,Region X,429,4,2018-01-01,231.987663,67.26178533333332
February,2018,Region X,482,3,2018-02-01,210.631394,54.136174000000004
March,2018,Region X,655,11,2018-03-01,91.126982,63.531101
April,2018,Region X,813,6,2018-04-01,193.767197,48.353909666666674
May,2018,Region X,833,6,2018-05-01,231.30158,73.73394
June,2018,Region X,1535,10,2018-06-01,279.16931,113.28806866666666
July,2018,Region X,3062,16,2018-07-01,348.59789,119.66940799999999
August,2018,Region X,2856,11,2018-08-01,253.899475,102.334098
September,2018,Region X,3864,9,2018-09-01,318.29805600000003,107.70336999999999
October,2018,Region X,2341,7,2018-10-01,186.201054,92.99806000000001
November,2018,Region X,3672,6,2018-11-01,187.56965499999998,82.73270833333333
December,2018,Region X,2955,12,2018-12-01,150.107584,83.374565
January,2019,Region X,1476,0,2019-01-01,176.902998,67.26178533333332
February,2019,Region X,1710,6,2019-02-01,37.2310406,54.136174000000004
March,2019,Region X,1684,14,2019-03-01,117.52204499999999,63.531101
April,2019,Region X,992,5,2019-04-01,83.345678,48.353909666666674
May,2019,Region X,1184,3,2019-05-01,130.395061,73.73394
June,2019,Region X,2415,6,2019-06-01,352.194,113.28806866666666
July,2019,Region X,3893,19,2019-07-01,333.633165,119.66940799999999
August,2019,Region X,4807,17,2019-08-01,241.038805,102.334098
September,2019,Region X,4406,13,2019-09-01,146.645504,107.70336999999999
October,2019,Region X,2023,7,2019-10-01,295.132274,92.99806000000001
November,2019,Region X,1897,2,2019-11-01,148.830688,82.73270833333333
December,2019,Region X,1869,3,2019-12-01,165.063489,83.374565
January,2020,Region X,945,6,2020-01-01,64.09876399999999,67.26178533333332
February,2020,Region X,1150,3,2020-02-01,65.167549,54.136174000000004
March,2020,Region X,966,3,2020-03-01,100.1816555,63.531101
April,2020,Region X,323,4,2020-04-01,59.924161000000005,48.353909666666674
May,2020,Region X,330,0,2020-05-01,185.952378,73.73394
June,2020,Region X,309,0,2020-06-01,394.64374,113.28806866666666
July,2020,Region X,465,3,2020-07-01,383.144616,119.66940799999999
August,2020,Region X,597,4,2020-08-01,404.99293,102.334098
September,2020,Region X,357,3,2020-09-01,285.010585,107.70336999999999
October,2020,Region X,221,5,2020-10-01,408.749566,92.99806000000001
November,2020,Region X,281,3,2020-11-01,225.354496,82.73270833333333
December,2020,Region X,281,1,2020-12-01,365.16226,83.374565
January,2016,Region XI,790,6,2016-01-01,20.1599353,96.60007133333333
February,2016,Region XI,711,3,2016-02-01,43.497575,69.68748666666666
March,2016,Region XI,564,8,2016-03-01,67.0,74.73904133333333
April,2016,Region XI,557,4,2016-04-01,42.835218999999995,66.87569333333333
May,2016,Region XI,628,5,2016-05-01,228.012922,76.85776466666667
June,2016,Region XI,1015,14,2016-06-01,287.327945,83.92156
July,2016,Region XI,2330,13,2016-07-01,238.242326,77.80134533333334
August,2016,Region XI,2063,9,2016-08-01,140.982232,72.965375
September,2016,Region XI,1010,12,2016-09-01,285.93862,75.60746666666667
October,2016,Region XI,1035,7,2016-10-01,427.17607999999996,81.98773833333333
November,2016,Region XI,749,9,2016-11-01,260.51858,70.88994666666666
December,2016,Region XI,685,5,2016-12-01,279.28756599999997,85.23771166666667
January,2017,Region XI,847,10,2017-01-01,555.79321,96.60007133333333
February,2017,Region XI,479,5,2017-02-01,329.36832999999996,69.68748666666666
March,2017,Region XI,304,2,2017-03-01,338.697904,74.73904133333333
April,2017,Region XI,253,0,2017-04-01,212.599353,66.87569333333333
May,2017,Region XI,233,1,2017-05-01,311.22132999999997,76.85776466666667
June,2017,Region XI,241,2,2017-06-01,256.33279,83.92156
July,2017,Region XI,411,3,2017-07-01,341.55735500000003,77.80134533333334
August,2017,Region XI,316,3,2017-08-01,227.7706,72.965375
September,2017,Region XI,153,109,2017-09-01,284.5622,75.60746666666667
October,2017,Region XI,58,72,2017-10-01,308.67043,81.98773833333333
November,2017,Region XI,94,0,2017-11-01,308.22456999999997,70.88994666666666
December,2017,Region XI,278,2,2017-12-01,317.16801,85.23771166666667
January,2018,Region XI,234,0,2018-01-01,289.287563,96.60007133333333
February,2018,Region XI,205,1,2018-02-01,219.033928,69.68748666666666
March,2018,Region XI,191,0,2018-03-01,107.872372,74.73904133333333
April,2018,Region XI,223,1,2018-04-01,247.73828,66.87569333333333
May,2018,Region XI,228,1,2018-05-01,276.583195,76.85776466666667
June,2018,Region XI,477,4,2018-06-01,189.47173,83.92156
July,2018,Region XI,783,5,2018-07-01,276.04846,77.80134533333334
August,2018,Region XI,876,4,2018-08-01,201.048466,72.965375
September,2018,Region XI,792,2,2018-09-01,211.789983,75.60746666666667
October,2018,Region XI,609,2,2018-10-01,171.331178,81.98773833333333
November,2018,Region XI,742,1,2018-11-01,154.951534,70.88994666666666
December,2018,Region XI,956,1,2018-12-01,178.452344,85.23771166666667
January,2019,Region XI,627,0,2019-01-01,238.208398,96.60007133333333
February,2019,Region XI,841,5,2019-02-01,23.515347499999997,69.68748666666666
March,2019,Region XI,806,2,2019-03-01,171.77867500000002,74.73904133333333
April,2019,Region XI,339,1,2019-04-01,113.101774,66.87569333333333
May,2019,Region XI,257,0,2019-05-01,143.92407,76.85776466666667
June,2019,Region XI,584,3,2019-06-01,323.77383,83.92156
July,2019,Region XI,1115,10,2019-07-01,265.92406800000003,77.80134533333334
August,2019,Region XI,1284,9,2019-08-01,207.704358,72.965375
September,2019,Region XI,1141,9,2019-09-01,92.242329,75.60746666666667
October,2019,Region XI,534,4,2019-10-01,240.486263,81.98773833333333
November,2019,Region XI,437,2,2019-11-01,132.221327,70.88994666666666
December,2019,Region XI,501,1,2019-12-01,168.400646,85.23771166666667
January,2020,Region XI,220,2,2020-01-01,150.42649,96.60007133333333
February,2020,Region XI,312,0,2020-02-01,56.085621,69.68748666666666
March,2020,Region XI,352,3,2020-03-01,134.26655399999999,74.73904133333333
April,2020,Region XI,80,0,2020-04-01,115.276251,66.87569333333333
May,2020,Region XI,70,0,2020-05-01,197.76252,76.85776466666667
June,2020,Region XI,51,0,2020-06-01,294.759295,83.92156
July,2020,Region XI,126,2,2020-07-01,214.15993699999999,77.80134533333334
August,2020,Region XI,185,3,2020-08-01,292.94184,72.965375
September,2020,Region XI,146,2,2020-09-01,180.98384499999997,75.60746666666667
October,2020,Region XI,113,1,2020-10-01,355.77866,81.98773833333333
November,2020,Region XI,154,0,2020-11-01,202.93699,70.88994666666666
December,2020,Region XI,127,0,2020-12-01,295.875608,85.23771166666667
January,2016,Region XII,1231,9,2016-01-01,23.7656761,40.80726133333334
February,2016,Region XII,843,0,2016-02-01,31.470297,37.49824
March,2016,Region XII,666,4,2016-03-01,36.037954,47.920939000000004
April,2016,Region XII,654,2,2016-04-01,59.9207925,45.65988333333333
May,2016,Region XII,730,3,2016-05-01,232.06931,71.06787766666666
June,2016,Region XII,1260,5,2016-06-01,309.78053,85.244021
July,2016,Region XII,3251,15,2016-07-01,219.551153,81.046133
August,2016,Region XII,2582,11,2016-08-01,163.381194,69.19008066666667
September,2016,Region XII,1083,1036,2016-09-01,273.65512,72.12381666666666
October,2016,Region XII,928,1270,2016-10-01,366.45543499999997,74.9879
November,2016,Region XII,1216,6,2016-11-01,190.475249,58.711347999999994
December,2016,Region XII,1569,8,2016-12-01,158.016502,49.11021300000001
January,2017,Region XII,1512,8,2017-01-01,209.526406,40.80726133333334
February,2017,Region XII,1012,10,2017-02-01,145.495047,37.49824
March,2017,Region XII,968,3,2017-03-01,223.486797,47.920939000000004
April,2017,Region XII,1070,4,2017-04-01,151.66172,45.65988333333333
May,2017,Region XII,758,2,2017-05-01,304.56766,71.06787766666666
June,2017,Region XII,806,2,2017-06-01,265.016499,85.244021
July,2017,Region XII,771,2,2017-07-01,304.94886,81.046133
August,2017,Region XII,733,1,2017-08-01,216.760735,69.19008066666667
September,2017,Region XII,694,10,2017-09-01,293.21781999999996,72.12381666666666
October,2017,Region XII,549,2,2017-10-01,272.404291,74.9879
November,2017,Region XII,349,0,2017-11-01,218.14191,58.711347999999994
December,2017,Region XII,391,2,2017-12-01,247.435654,49.11021300000001
January,2018,Region XII,433,1,2018-01-01,120.924096,40.80726133333334
February,2018,Region XII,378,1,2018-02-01,119.308581,37.49824
March,2018,Region XII,477,2,2018-03-01,66.198021,47.920939000000004
April,2018,Region XII,476,1,2018-04-01,237.366334,45.65988333333333
May,2018,Region XII,490,2,2018-05-01,257.973591,71.06787766666666
June,2018,Region XII,850,8,2018-06-01,164.490101,85.244021
July,2018,Region XII,1195,5,2018-07-01,264.65678,81.046133
August,2018,Region XII,927,5,2018-08-01,203.036302,69.19008066666667
September,2018,Region XII,1016,6,2018-09-01,182.566004,72.12381666666666
October,2018,Region XII,927,5,2018-10-01,188.94719099999998,74.9879
November,2018,Region XII,855,2,2018-11-01,108.87128899999999,58.711347999999994
December,2018,Region XII,1149,4,2018-12-01,107.20132100000001,49.11021300000001
January,2019,Region XII,978,2,2019-01-01,80.153464,40.80726133333334
February,2019,Region XII,1588,3,2019-02-01,21.4504944,37.49824
March,2019,Region XII,1658,12,2019-03-01,89.0561055,47.920939000000004
April,2019,Region XII,920,7,2019-04-01,78.902639,45.65988333333333
May,2019,Region XII,1286,4,2019-05-01,154.30032799999998,71.06787766666666
June,2019,Region XII,2689,15,2019-06-01,314.32013,85.244021
July,2019,Region XII,3114,15,2019-07-01,268.485156,81.046133
August,2019,Region XII,3579,4,2019-08-01,184.833335,69.19008066666667
September,2019,Region XII,2434,16,2019-09-01,104.016504,72.12381666666666
October,2019,Region XII,1159,7,2019-10-01,238.709565,74.9879
November,2019,Region XII,753,2,2019-11-01,110.075907,58.711347999999994
December,2019,Region XII,482,4,2019-12-01,91.231023,49.11021300000001
January,2020,Region XII,423,4,2020-01-01,108.798682,40.80726133333334
February,2020,Region XII,648,1,2020-02-01,42.3415837,37.49824
March,2020,Region XII,703,2,2020-03-01,89.49999700000001,47.920939000000004
April,2020,Region XII,228,0,2020-04-01,59.0,45.65988333333333
May,2020,Region XII,316,5,2020-05-01,159.927393,71.06787766666666
June,2020,Region XII,347,3,2020-06-01,297.46369,85.244021
July,2020,Region XII,621,3,2020-07-01,230.858089,81.046133
August,2020,Region XII,550,4,2020-08-01,251.09406,69.19008066666667
September,2020,Region XII,136,117,2020-09-01,179.037955,72.12381666666666
October,2020,Region XII,76,80,2020-10-01,315.937296,74.9879
November,2020,Region XII,117,27,2020-11-01,155.268974,58.711347999999994
December,2020,Region XII,198,2,2020-12-01,215.816834,49.11021300000001
January,2016,Region XIII,1116,6,2016-01-01,71.906559,188.69808666666665
February,2016,Region XIII,679,3,2016-02-01,117.085246,118.12084
March,2016,Region XIII,569,3,2016-03-01,60.706557000000004,119.515627
April,2016,Region XIII,420,1,2016-04-01,63.485247,88.31648666666666
May,2016,Region XIII,566,2,2016-05-01,181.850816,71.80923666666666
June,2016,Region XIII,615,2,2016-06-01,263.39672099999996,80.766412
July,2016,Region XIII,897,2,2016-07-01,307.36393,89.31045466666667
August,2016,Region XIII,851,9,2016-08-01,168.177051,85.13732333333333
September,2016,Region XIII,331,308,2016-09-01,311.00164,81.13500733333333
October,2016,Region XIII,277,481,2016-10-01,404.39017,86.41145833333333
November,2016,Region XIII,396,1,2016-11-01,456.84263,103.58451833333334
December,2016,Region XIII,498,6,2016-12-01,528.87705,162.31814
January,2017,Region XIII,537,4,2017-01-01,972.50818,188.69808666666665
February,2017,Region XIII,290,1,2017-02-01,529.63606,118.12084
March,2017,Region XIII,461,2,2017-03-01,596.4951,119.515627
April,2017,Region XIII,207,0,2017-04-01,354.418042,88.31648666666666
May,2017,Region XIII,155,0,2017-05-01,315.986891,71.80923666666666
June,2017,Region XIII,168,0,2017-06-01,230.313104,80.766412
July,2017,Region XIII,186,1,2017-07-01,319.31311,89.31045466666667
August,2017,Region XIII,216,4,2017-08-01,237.20983,85.13732333333333
September,2017,Region XIII,184,0,2017-09-01,275.154098,81.13500733333333
October,2017,Region XIII,258,1,2017-10-01,342.001645,86.41145833333333
November,2017,Region XIII,119,1,2017-11-01,379.2623,103.58451833333334
December,2017,Region XIII,207,0,2017-12-01,514.65903,162.31814
January,2018,Region XIII,269,0,2018-01-01,654.16556,188.69808666666665
February,2018,Region XIII,314,1,2018-02-01,456.75573,118.12084
March,2018,Region XIII,188,0,2018-03-01,199.15409899999997,119.515627
April,2018,Region XIII,216,2,2018-04-01,259.714757,88.31648666666666
May,2018,Region XIII,221,1,2018-05-01,215.101648,71.80923666666666
June,2018,Region XIII,400,0,2018-06-01,218.23114299999997,80.766412
July,2018,Region XIII,849,6,2018-07-01,248.15574,89.31045466666667
August,2018,Region XIII,803,3,2018-08-01,211.418034,85.13732333333333
September,2018,Region XIII,1062,5,2018-09-01,235.459021,81.13500733333333
October,2018,Region XIII,1060,5,2018-10-01,160.309835,86.41145833333333
November,2018,Region XIII,1361,5,2018-11-01,284.09016299999996,103.58451833333334
December,2018,Region XIII,2310,14,2018-12-01,374.639351,162.31814
January,2019,Region XIII,2036,5,2019-01-01,550.7393500000001,188.69808666666665
February,2019,Region XIII,2047,7,2019-02-01,76.129509,118.12084
March,2019,Region XIII,1088,3,2019-03-01,211.904924,119.515627
April,2019,Region XIII,328,2,2019-04-01,175.29836899999998,88.31648666666666
May,2019,Region XIII,324,0,2019-05-01,78.014756,71.80923666666666
June,2019,Region XIII,492,0,2019-06-01,271.396731,80.766412
July,2019,Region XIII,749,0,2019-07-01,239.98853,89.31045466666667
August,2019,Region XIII,1132,2,2019-08-01,237.659005,85.13732333333333
September,2019,Region XIII,1201,4,2019-09-01,98.659013,81.13500733333333
October,2019,Region XIII,908,2,2019-10-01,219.508198,86.41145833333333
November,2019,Region XIII,713,0,2019-11-01,166.537704,103.58451833333334
December,2019,Region XIII,1036,2,2019-12-01,400.334432,162.31814
January,2020,Region XIII,938,5,2020-01-01,174.81803299999999,188.69808666666665
February,2020,Region XIII,1172,2,2020-02-01,111.996723,118.12084
March,2020,Region XIII,816,1,2020-03-01,176.46885500000002,119.515627
April,2020,Region XIII,288,2,2020-04-01,144.280324,88.31648666666666
May,2020,Region XIII,271,0,2020-05-01,157.97376500000001,71.80923666666666
June,2020,Region XIII,162,0,2020-06-01,307.888528,80.766412
July,2020,Region XIII,122,1,2020-07-01,279.53771,89.31045466666667
August,2020,Region XIII,137,0,2020-08-01,329.9836,85.13732333333333
September,2020,Region XIII,28,31,2020-09-01,203.70165,81.13500733333333
October,2020,Region XIII,10,14,2020-10-01,365.852456,86.41145833333333
November,2020,Region XIII,12,3,2020-11-01,286.514755,103.58451833333334
December,2020,Region XIII,27,0,2020-12-01,597.7131049999999,162.31814
